actor,description,genre,public,score,title,year
"Gordon Buchanan,David Attenborough,Chadden Hunter",David Attenborough returns with a new wildlife documentary that shows life in a variety of habitats.,Documentary,TV-G,9.5,Planet Earth II,2016
"Anna Gunn,Aaron Paul,Bryan Cranston",A chemistry teacher diagnosed with inoperable lung cancer turns to manufacturing and selling methamphetamine with a former student in order to secure his family's future.,"Crime,Drama,Thriller",TV-MA,9.5,Breaking Bad,2008–2013
"Nikolay Drozdov,David Attenborough,Sigourney Weaver","A documentary series on the wildlife found on Earth. Each episode covers a different habitat: deserts, mountains, deep oceans, shallow seas, forests, caves, polar regions, fresh water, plains and jungles. Narrated by David Attenborough.",Documentary,TV-PG,9.4,Planet Earth,2006
"Damian Lewis,Scott Grimes,Ron Livingston","The story of Easy Company of the U.S. Army 101st Airborne Division and their mission in World War II Europe, from Operation Overlord to V-J Day.","Drama,History,War",TV-MA,9.4,Band of Brothers,2001
"Jon Hamm,Vincent Kartheiser,Elisabeth Moss","A drama about one of New York's most prestigious ad agencies at the beginning of the 1960s, focusing on one of the firm's most mysterious but extremely talented ad executives, Donald Draper.",Drama,TV-MA,8.7,Mad Men,2007–2015
"Ratna Pathak Shah,Sumeet Raghavan,Satish Shah","The show revolves around the lives of the members of an Uber Wealthy - High Society Gujarati family of Cuffe Parade - South Mumbai, whose daughter-in-law is from a middle class Delhi background.",Comedy,TV-PG,9.0,Sarabhai V/S Sarabhai,2004–2017
"Matt King,Robert Webb,David Mitchell",Mark and Jez are a couple of twenty-something roommates who have nothing in common - except for the fact that their lives are anything but normal. Mayhem ensues as the pair strive to cope with day-to-day life.,Comedy,TV-MA,8.7,Peep Show,2003–2015
"Winona Ryder,Finn Wolfhard,Millie Bobby Brown","When a young boy disappears, his mother, a police chief and his friends must confront terrifying supernatural forces in order to get him back.","Drama,Fantasy,Horror",TV-14,8.7,Stranger Things,2016–2024
"Setsuo Ito,Takahiro Sakurai,Chris Niosi","A psychic middle school boy tries to live a normal life and keep his growing powers under control, even though he constantly gets into trouble.","Animation,Action,Comedy",TV-14,8.6,Mob Psycho 100,2016–2022
"Emmy Rossum,William H. Macy,Ethan Cutkosky","A scrappy, feisty, fiercely loyal Chicago family makes no apologies.","Comedy,Drama",TV-MA,8.6,Shameless,2011–2021
"Lucy Lawless,Andy Whitfield,Manu Bennett","The life of Spartacus, the gladiator who lead a rebellion against the Romans. From his time as an ally of the Romans, to his betrayal and becoming a gladiator, to the rebellion he leads and its ultimate outcome.","Action,Adventure,Biography",TV-MA,8.5,Spartacus,2010–2013
"Cansu Dere,Yigit Özsener,Kenan Imirzalioglu","Betrayed by his trusted friends and the woman he loved, Ömer Uçar returns as Ezel to exact his vengeance.","Crime,Drama,Thriller",TV-14,8.7,Ezel,2009–2011
"Stevie Nicks,Bono,Tom Petty","""The Defiant Ones"" examines the partnership between Jimmy Iovine and Dr. Dre - one the son of a Brooklyn longshoreman, the other straight out of Compton - and their leading roles in a chain of transformative events in contemporary culture.","Documentary,Biography,Crime",TV-MA,8.5,The Defiant Ones,2017
"Mary Berry,Paul Hollywood,Prue Leith",Bakers attempt three challenges each week trying to impress the judges enough to go through to the next round and eventually are crowned Britain's best amateur baker.,"Game-Show,Reality-TV",TV-PG,8.6,The Great British Baking Show,2010– 
"Dylan Moran,Bill Bailey,Tamsin Greig","Bernard Black runs a book shop, though his customer service skills leave something to be desired. He hires Manny as an employee. Fran runs the shop next door. Between the three of them many adventures ensue.",Comedy,TV-PG,8.5,Black Books,2000–2004
"Tomokazu Sugita,Daisuke Sakaguchi,Rie Kugimiya","In an era where aliens have invaded and taken over feudal Tokyo, an unemployed samurai finds work however he can.","Animation,Action,Comedy",TV-14,8.7,Gintama,2005–2021
"Honeysuckle Weeks,Anthony Howell,Michael Kitchen","As WWII rages, DCS Foyle fights his own war on the home-front; investigating crime on the south coast of England. Later series, see the retired detective working as an MI5 agent in the aftermath of the war.","Crime,Drama,Mystery",TV-14,8.6,Foyle's War,2002–2015
"André Holland,Clive Owen,Jeremy Bobb",A look at the professional and personal lives of the staff at New York's Knickerbocker Hospital during the early part of the twentieth century.,"Drama,History",TV-MA,8.5,The Knick,2014–2015
"Nicole Kidman,Shailene Woodley,Reese Witherspoon",The apparently-perfect lives of upper-class mothers of students at a prestigious elementary school unravel to the point of murder when a single mother moves to their quaint California beach town.,"Crime,Drama,Mystery",TV-MA,8.5,Big Little Lies,2017–2019
"Regina King,Shawn Hatosy,Michael Cudlitz",The lives of Police Officers working for the Los Angeles Police Department.,"Crime,Drama,Thriller",TV-MA,8.5,Southland,2009–2013
"Levent Üzümcü,Gülse Birsel,Senay Gürler",The life and times of the rather traditional Sutcuoglu family and their comedic struggles to adapt the high-profile contemporary life of Nisantasi.,Comedy,,8.6,Avrupa Yakasi,2004–2009
"Risa Taneda,Natsuki Hanae,Ayane Sakura",A piano prodigy who lost his ability to play after suffering a traumatic event in his childhood is forced back into the spotlight by an eccentric girl with a secret of her own.,"Animation,Comedy,Drama",TV-PG,8.6,Your Lie in April,2014–2018
"Alfred Hitchcock,Harry Tyler,John Williams","Series of unrelated short stories covering elements of crime, horror, drama, and comedy about people of different backgrounds committing murders, suicides, thefts, and other sorts of crime caused by certain motivations, perceived or not.","Comedy,Crime,Drama",TV-14,8.5,Alfred Hitchcock Presents,1955–1962
"Bill Camp,Riz Ahmed,John Turturro","After a night of partying with a woman he picked up, a man wakes up to find her stabbed to death and is charged with her murder.","Crime,Drama,Mystery",TV-MA,8.5,The Night Of,2016
"Kyle Rogers,James Rolfe,Mike Matei",A foul-mouthed nerd reviews bad video games.,Comedy,TV-MA,8.5,The Angry Video Game Nerd,2004– 
"Saoirse-Monica Jackson,Tara Lynne O'Neill,Louisa Harland",The personal exploits of a 16-year-old girl and her family and friends during the Troubles in the early 1990s in Northern Ireland.,Comedy,TV-MA,8.5,Derry Girls,2018–2022
"Alexander Skarsgård,Lee Tergesen,James Ransone","A Rolling Stone reporter, embedded with The 1st Recon Marines chronicles his experiences during the first wave of the American-led assault on Baghdad in 2003.","Drama,War",TV-MA,8.5,Generation Kill,2008
"Robbie Magasiva,Kate Atkinson,Katrina Milosevic",The confronting look into the lives of the inmates and prison staff of Wentworth Correctional Centre as they navigate the ups and downs of their lives in the prison system.,"Crime,Drama,Thriller",TV-MA,8.6,Wentworth,2013–2021
"Gaia Girace,Margherita Mazzucco,Alba Rohrwacher",A woman recounts the lifelong friendship and conflicts with a girl she met at primary school in Naples during the early 1950s.,Drama,TV-MA,8.6,My Brilliant Friend,2018– 
"Francis Mallmann,Massimo Bottura,Bill Buford","Chef's Table goes inside the lives and kitchens of six of the world's most renowned international chefs. Each episode focuses on a single chef and their unique look at their lives, talents and passion from their piece of culinary heaven.",Documentary,TV-MA,8.5,Chef's Table,2015–2019
"Ralph Macchio,William Zabka,Courtney Henggeler","Decades after their 1984 All Valley Karate Tournament bout, a middle-aged Daniel LaRusso and Johnny Lawrence find themselves martial-arts rivals again.","Action,Comedy,Drama",TV-14,8.5,Cobra Kai,2018–2023
"Yûichi Nakamura,Adam McArthur,Junya Enoki",A boy swallows a cursed talisman - the finger of a demon - and becomes cursed himself. He enters a shaman's school to be able to locate the demon's other body parts and thus exorcise himself.,"Animation,Action,Adventure",TV-MA,8.5,Jujutsu Kaisen,2020– 
"Donald Glover,Danny Pudi,Joel McHale",A suspended lawyer is forced to enroll in a community college with an eccentric staff and student body.,Comedy,TV-14,8.5,Community,2009–2015
"Sam Marin,J.G. Quintel,William Salyers",The daily surreal adventures of a blue jay and raccoon duo that attempt to deal with their mundane jobs as groundskeepers at the local park.,"Animation,Action,Adventure",TV-PG,8.5,Regular Show,2009–2017
"Wes Chatham,Dominique Tipper,Steven Strait","In the 24th century, a group of humans untangle a vast plot which threatens the Solar System's fragile state of detente.","Drama,Mystery,Sci-Fi",TV-14,8.5,The Expanse,2015–2022
"Maria Obretin,Andreea Vasile,Serban Pavlu","Umbre follows Relu, an enforcer for a small-time mob boss, as he struggles to keep his family in the dark about his job. The secrets Relu keeps become increasingly oppressive and the lies begin to surface.","Crime,Drama,Thriller",TV-MA,8.7,Umbre,2014–2019
"Caroline Dhavernas,Mads Mikkelsen,Hugh Dancy",Explores the early relationship between renowned psychiatrist Hannibal Lecter and a young FBI criminal profiler who is haunted by his ability to empathize with serial killers.,"Crime,Drama,Horror",TV-MA,8.5,Hannibal,2013–2015
"Eugene Levy,Dan Levy,Catherine O'Hara","After being a victim of fraud, Johnny Rose and his family go from extremely wealthy to penniless overnight. The only asset left to them is a small, unsophisticated town: Schitt's Creek. They relocate there. Culture shock ensues.",Comedy,TV-14,8.5,Schitt's Creek,2015–2020
"Sarah Lancashire,Siobhan Finneran,James Norton",Yorkshire-based crime drama centering on the personal and professional life of Police Sergeant Catherine Cawood.,"Crime,Drama,Thriller",TV-MA,8.5,Happy Valley,2014–2023
"Regina Cassandra,Saba Azad,Jim Sarbh","The story of two extraordinary men, Dr. Homi Jehangir Bhabha and Dr. Vikram Ambalal Sarabhai, who created history while building India's future.","Drama,History",,8.9,Rocket Boys,2022– 
"Nozomu Sasaki,Mayo Suzukaze,Junko Iwao","In the era of Japan's Meiji Restoration, an assassin regains his humanity.","Animation,Action,Adventure",TV-MA,8.6,Rurouni Kenshin: Trust and Betrayal,1999
"Lane Smith,Tom Hanks,Nick Searcy",Dramatized portrayal of the Apollo manned space program.,"Action,Drama,History",TV-14,8.6,From the Earth to the Moon,1998
"John DiMaggio,Billy West,Katey Sagal","Philip J. Fry, a pizza delivery boy, is accidentally frozen in 1999 and thawed out on New Year's Eve 2999.","Animation,Adventure,Comedy",TV-14,8.5,Futurama,1999–2023
"Peter Mensah,John Hannah,Manu Bennett","In the time before the arrival of Spartacus, the House of Batiatus faces many challenges from competitors, and within its own household.","Action,Adventure,Biography",TV-MA,8.5,Spartacus: Gods of the Arena,2011
"Josh Brener,Thomas Middleditch,T.J. Miller","Follows the struggle of Richard Hendricks, a Silicon Valley engineer trying to build his own company called Pied Piper.",Comedy,TV-MA,8.5,Silicon Valley,2014–2019
"Vic Mignogna,Romi Park,Aaron Dismuke","When a failed alchemical ritual leaves brothers Edward and Alphonse Elric with severely damaged bodies, they begin searching for the one thing that can save them: the fabled philosopher's stone.","Animation,Action,Adventure",TV-PG,8.5,Fullmetal Alchemist,2003–2004
"Scott Ryan,Justin Rosniak,Chika Yasumura","Ray Shoesmith is a father, ex-husband, boyfriend, brother and best friend, tough roles to juggle in the modern age. Especially when you're also a criminal for hire.","Crime,Drama",TV-MA,8.6,Mr Inbetween,2018–2021
"Peter Capaldi,Pearl Mackie,Jodie Whittaker",The further adventures in time and space of the alien adventurer known as the Doctor and their companions from planet Earth.,"Adventure,Drama,Sci-Fi",TV-PG,8.6,Doctor Who,2005– 
"Kyle MacLachlan,Michael Horse,Sheryl Lee",Picks up 25 years after the inhabitants of a quaint northwestern town are stunned when their homecoming queen is murdered.,"Crime,Drama,Horror",TV-MA,8.5,Twin Peaks,2017
"Iman Meskini,Ulrikke Falch,Josefine Frida Pettersen","The story of young teenagers and pupils on Hartvig Nissens upper secondary school in Oslo, and their troubles, scandals and everyday life. Each season is told from a different person's point of view.","Drama,Romance",Not Rated,8.6,Skam,2015–2017
"Ed Harris,Evan Rachel Wood,Jeffrey Wright","At the intersection of the near future and the reimagined past, waits a world in which every human appetite can be indulged without consequence.","Drama,Mystery,Sci-Fi",TV-MA,8.5,Westworld,2016–2022
"Daniela Denby-Ashe,Richard Armitage,Tim Pigott-Smith","North and South is a four part adaptation of Elizabeth Gaskell's love story of Margaret Hale, a middle class southerner who is forced to move to the northern town of Milton.","Drama,Romance",TV-PG,8.6,North & South,2004
"Robb Wells,John Paul Tremblay,Mike Smith",Three petty felons have a documentary made about their life in a trailer park.,"Comedy,Crime",TV-MA,8.6,Trailer Park Boys,2001–2018
"Christopher Morris,Kevin Eldon,Mark Heap","Controversal spoof of current affairs television, and the role of celebrity in the UK.",Comedy,TV-MA,8.6,Brass Eye,1997–2001
"Kotono Mitsuishi,Megumi Hayashibara,Megumi Ogata",A teenage boy finds himself recruited as a member of an elite team of pilots by his father.,"Animation,Action,Drama",TV-MA,8.5,Neon Genesis Evangelion,1995–1996
"Kang Tae-oh,Kang Ki-young,Park Eun-bin","Due to her 164 I.Q., impressive memory and creative thought process, autistic 27-year-old lawyer Woo Young Woo graduated at the top of her class from a prestigious law school.",Drama,TV-14,8.7,Extraordinary Attorney Woo,2022
"Mark Boone Junior,Charlie Hunnam,Katey Sagal",A biker struggles to balance being a father and being involved in an outlaw motorcycle club.,"Crime,Drama,Thriller",TV-MA,8.6,Sons of Anarchy,2008–2014
"Roger Allam,James Bradshaw,Shaun Evans","Set from 1965 into the 1970s, the show follows Endeavour Morse in his early years as a police constable. Working alongside his senior partner DI Fred Thursday, Morse engages in a number of investigations around Oxford.","Crime,Drama,Mystery",TV-14,8.6,Endeavour,2012–2023
"Rachael Stirling,Toby Jones,Mackenzie Crook","The lives of two eccentric metal detectorists, who spend their days plodding along ploughed tracks and open fields, hoping to disturb the tedium by unearthing the fortune of a lifetime.",Comedy,TV-14,8.6,Detectorists,2014–2022
"Phil LaMarr,Kevin Michael Richardson,Mako","A samurai, sent through time, fights to return home and save the world.","Animation,Action,Adventure",TV-MA,8.5,Samurai Jack,2001–2017
"Nathan Dales,Jared Keeso,Michelle Mylett","Quick-witted, fast-paced snappy comedy about rural folk getting by in a small town.",Comedy,TV-MA,8.7,Letterkenny,2016– 
"Sean Carroll,Morgan Freeman,Michio Kaku","Hosted by Morgan Freeman, Through the Wormhole will explore the deepest mysteries of existence - the questions that have puzzled mankind for eternity. What are we made of? What was there before the beginning? Are we really alone? Is there a creator? These questions have been pondered by the most exquisite minds of the human race. Now, science has evolved to the point ...",Documentary,TV-PG,8.6,Through the Wormhole,2010–2017
"Colin Mochrie,Ryan Stiles,Drew Carey",Improvisational comedy competition show in which four members of the regular cast as comedians and often with guest appearances with other comedians and celebrities and members of the audience perform various comic games and sketches.,"Comedy,Game-Show",TV-PG,8.5,Whose Line Is It Anyway?,1998–2007
"Mackenzie Crook,Martin Freeman,Ricky Gervais",The story of an office that faces closure when the company decides to downsize its branches. A documentary film crew follow staff and the manager David Brent as they continue their daily lives.,"Comedy,Drama",TV-MA,8.5,The Office,2001–2003
"Anna Lamadrid,Nathan Fielder,Journey Baker",Nathan Fielder gives people a chance to rehearse for their own lives in a world where nothing ever works out as expected.,"Documentary,Comedy",TV-MA,8.6,The Rehearsal,2022– 
"Ursula Parker,Hadley Delany,Louis C.K.","The life of Louie C.K., a divorced comedian living in New York with two kids.","Comedy,Drama",TV-MA,8.5,Louie,2010–2015
"Felicity Montagu,Simon Greenall,Steve Coogan","A failed television presenter, now presenting a programme on local desperately tries to revive his broadcasting career.",Comedy,TV-MA,8.6,I'm Alan Partridge,1997–2002
"Rami Malek,Carly Chaikin,Christian Slater","Elliot, a brilliant but highly unstable young cyber-security engineer and vigilante hacker, becomes a key figure in a complex game of global dominance when he and his shadowy allies try to take down the corrupt corporation he works for.","Crime,Drama,Thriller",TV-MA,8.5,Mr. Robot,2015–2019
"Samantha Ruth Prabhu,Manoj Bajpayee,Priyamani","A working man from the National Investigation Agency tries to protect the nation from terrorism, but he also needs to keep his family safe from his secret job.","Action,Comedy,Drama",TV-14,8.7,The Family Man,2019– 
"Katherine Parkinson,Chris O'Dowd,Richard Ayoade","The comedic misadventures of Roy, Moss and their grifting supervisor Jen, a rag-tag team of IT support workers at a large corporation headed by a hotheaded yuppie.",Comedy,TV-14,8.5,The IT Crowd,2006–2013
"Ginpei Sato,Ayako Kawasumi,Kazuya Nakai","Fuu, a waitress who works in a teahouse, rescues two master swordsmen, Mugen and Jin, from their execution to help her find the ""samurai who smells of sunflowers.""","Animation,Action,Adventure",TV-MA,8.6,Samurai Champloo,2004–2005
"Paul Eddington,Derek Fowlds,Nigel Hawthorne",James Hacker was propelled along the corridors of power to the very pinnacle of politics - Number 10.,Comedy,TV-PG,8.6,"Yes, Prime Minister",1986–1987
"Ewan McGregor,David Alexanian,Charley Boorman","This documentary series follows actors Ewan McGregor and Charley Boorman on a motorcycle trip around the world. The two friends will travel through such places as Siberia, Kazakhstan, Mongolia, and Alaska, before finally ending the journey in New York. The filming will be done by on board cameras and one ride along cameraman.","Documentary,Adventure",TV-PG,8.6,Long Way Round,2004–2010
"Matt Berry,Kayvan Novak,Natasia Demetriou",A look into the nightly lives of four vampires who have lived together on Staten Island for over a century.,"Comedy,Fantasy,Horror",TV-MA,8.6,What We Do in the Shadows,2019– 
"Daniel Ricciardo,Jack Nicholls,Will Buxton",Docuseries following the FIA Formula One World Championship across multiple seasons.,"Documentary,Sport",TV-MA,8.6,Formula 1: Drive to Survive,2019– 
"Andrija Kuzmanovic,Dragan Bjelogrlic,Marija Bergam","A historical fiction drama and thriller set in the turbulent period of the late 1920s in the Balkans as a place where high politics, local interests, capital and crime all merge together.","Crime,Drama,Thriller",TV-MA,8.9,Black Sun,2017– 
"Jessica Hynes,Julia Deakin,Simon Pegg","Friends Tim and Daisy, 20-something North Londoners with uncertain futures, must pretend to be a couple to live in the only apartment they can afford.","Action,Comedy",TV-14,8.6,Spaced,1999–2001
"Sal Vulcano,Brian Quinn,James Murray","Q, Sal, Joe and Murr are real-life best friends who love challenging each other to the most outrageous dares and stunts ever caught on hidden camera.","Comedy,Reality-TV",TV-14,8.6,Impractical Jokers,2011– 
"Jonathan Zaccaï,Florence Loiret Caille,Mathieu Kassovitz",,"Drama,Thriller",TV-MA,8.7,The Bureau,2015– 
"Gina Bellman,Jack Davenport,Sarah Alexander",Six best friends talk about all aspects of sex and relationships on their never-ending quest to find true love.,"Comedy,Romance",TV-14,8.6,Coupling,2000–2004
"Edward James Olmos,Katee Sackhoff,Mary McDonnell","Following the destruction of the Twelve Colonies of Kobol by the Cylons, a rag-tag fugitive fleet of the last remnants of mankind flees the pursuing Cylons while simultaneously searching for their true home: Earth.","Action,Adventure,Drama",TV-14,8.5,Battlestar Galactica,2003
"Christopher McCulloch,Doc Hammer,James Urbaniak","The bizarre escapades of pseudo-heroic scientist Dr. Rusty Venture, his competent, high-strung bodyguard, and his two overenthusiastic sons.","Animation,Action,Adventure",TV-14,8.6,The Venture Bros.,2003–2018
"Stephanie Nadolny,Brice Armstrong,Steve Olson","Dragon Ball tells the tale of a young warrior by the name of Son Goku, a young peculiar boy with a tail who embarks on a quest to become stronger and learns of the Dragon Balls, when, once all 7 are gathered, grant any wish of choice.","Animation,Action,Adventure",TV-14,8.6,Dragon Ball,1995–2003
"Roberto Gómez Bolaños,Carlos Villagrán,Ramón Valdés","The misadventures of a poor, homeless, fumbling boy and his friends in their humble neighborhood.","Comedy,Family",TV-PG,8.7,El Chavo del Ocho,1972–1983
"Brice Armstrong,Masako Nozawa,Jôji Yanami","Son Gokû, a fighter with a monkey tail, goes on a quest with an assortment of odd characters in search of the Dragon Balls, a set of crystals that can give its bearer anything they desire.","Animation,Action,Adventure",TV-14,8.6,Dragon Ball,1986–1989
"Jemaine Clement,Rhys Darby,Bret McKenzie","Bret and Jemaine are Flight of the Conchords, a folk-rock band from New Zealand living in New York City in search of stardom.","Comedy,Music,Musical",TV-MA,8.6,Flight of the Conchords,2007–2009
"Clark Johnson,Richard Belzer,Yaphet Kotto",Life on the Street is an American police procedural television series chronicling the work of a fictional version of the Baltimore Police Department's Homicide Unit.,"Crime,Drama,Mystery",TV-14,8.7,Homicide: Life on the Street,1993–1999
"Phil LaMarr,Carl Lumbly,Michael Rosenbaum",Seven of the most formidable heroes form arguably the most powerful team ever.,"Animation,Action,Adventure",TV-PG,8.6,Justice League,2001–2004
"Bill Camp,Chloe Pirrie,Anya Taylor-Joy","Orphaned at the tender age of nine, prodigious introvert Beth Harmon discovers and masters the game of chess in 1960s USA. But child stardom comes at a price.",Drama,TV-MA,8.6,The Queen's Gambit,2020
"Tom Ato,Eric André,Hannibal Buress","Eric Andre tries to host a talk show in a bizarre environment, where he is sometimes the player of pranks and sometimes the victim.","Comedy,Talk-Show",TV-MA,8.6,The Eric Andre Show,2012– 
"Henry Thomas,Michiel Huisman,Carla Gugino","Flashing between past and present, a fractured family confronts haunting memories of their old home and the terrifying events that drove them from it.","Drama,Horror,Mystery",TV-MA,8.6,The Haunting of Hill House,2018
"Mel Blanc,June Foray,Daws Butler",TV series featuring the classic Looney Tunes animated shorts.,"Animation,Comedy",TV-G,8.6,The Bugs Bunny Show,1960–1975
"Hyun Bin,Seo Ji-hye,Son Ye-jin",The absolute top secret love story of a chaebol heiress who made an emergency landing in North Korea because of a paragliding accident and a North Korean special officer who falls in love with her and who is hiding and protecting her.,"Adventure,Comedy,Romance",TV-14,8.7,Crash Landing on You,2019–2020
"John Gallagher Jr.,Jeff Daniels,Emily Mortimer","A newsroom undergoes some changes in its workings and morals as a new team is brought in, bringing unexpected results for its existing news anchor.",Drama,TV-MA,8.6,The Newsroom,2012–2014
"Laura Nirider,Dolores Avery,Steven Avery","Filmed over a 10-year period, Steven Avery, a DNA exoneree who, while in the midst of exposing corruption in local law enforcement, finds himself the prime suspect in a grisly new crime.","Documentary,Crime",TV-14,8.6,Making a Murderer,2015–2018
"Kelly Macdonald,Steve Buscemi,Michael Shannon",An Atlantic City politician plays both sides of the law by conspiring with gangsters during the Prohibition era.,"Crime,Drama",TV-MA,8.6,Boardwalk Empire,2010–2014
"Indya Moore,Dominique Jackson,Michaela Jaé (MJ) Rodriguez","In the New York of the late '80s and early '90s, this is a story of ball culture and the gay and trans community, the raging AIDS crisis, and capitalism.",Drama,TV-MA,8.6,Pose,2018–2021
"Joelle Carter,Nick Searcy,Timothy Olyphant","U.S. Marshal Raylan Givens is reassigned from Miami to his childhood home in the poor, rural coal mining towns of eastern Kentucky.","Action,Crime,Drama",TV-MA,8.6,Justified,2010–2015
"Paul Eddington,Derek Fowlds,Nigel Hawthorne","The Right Honorable James Hacker has landed the plum job of Cabinet Minister to the Department of Administration. At last he is in a position of power and can carry out some long-needed reforms, or so he thinks.",Comedy,TV-PG,8.7,Yes Minister,1980–1984
"Sandi Toksvig,Alan Davies,Stephen Fry","A comedy panel game in which being Quite Interesting is more important than being right. Sandi Toksvig is joined each week by four comedians to share anecdotes and trivia, and maybe answer some questions as well.","Comedy,Game-Show",TV-PG,8.6,QI,2003– 
"Hugh Fraser,Philip Jackson,David Suchet","The cases of eccentric, but sharp, Belgian detective Hercule Poirot.","Crime,Drama,Mystery",TV-14,8.6,Poirot,1989–2013
"Peter Sarsgaard,Michael Keaton,Michael Stuhlbarg","The series takes viewers to the epicenter of America's struggle with opioid addiction, from the boardrooms of Purdue Pharma, to a distressed Virginia mining community, to the hallways of the DEA.",Drama,TV-MA,8.6,Dopesick,2021
"R.H. Thomson,Geraldine James,Amybeth McNulty","The adventures of a young orphan girl living in the early 19th century. Follow Anne as she learns to navigate her new life on Prince Edward Island, in this new take on L.M. Montgomery's classic novels.","Drama,Family",TV-PG,8.7,Anne with an E,2017–2019
"Matilda Ziegler,Robin Driscoll,Rowan Atkinson","Bumbling, childlike Mr. Bean has trouble completing the simplest of day-to-day tasks, but his perseverance and resourcefulness frequently allow him to find ingenious ways around problems.","Comedy,Family",TV-G,8.6,Mr. Bean,1990–1995
"Yasmin Finney,Joe Locke,Kit Connor",Teens Charlie and Nick discover their unlikely friendship might be something more as they navigate school and young love in this coming-of-age series.,"Drama,Romance",TV-14,8.7,Heartstopper,2022– 
"Kaito Ishikawa,Ayumu Murase,Yu Hayashi","Determined to be like the volleyball championship's star player nicknamed ""the small giant"", Shoyo joins his school's volleyball club.","Animation,Comedy,Drama",TV-14,8.7,Haikyu!!,2014–2020
"Dan Fogler,Miles Teller,Matthew Goode",Oscar-winning producer Albert S. Ruddy's never-before-revealed experiences of making The Godfather (1972).,"Biography,Drama",TV-MA,8.7,The Offer,2022
"Nolan North,Jesse McCartney,Danica McKellar",Teenage superheroes strive to prove themselves as members of the Justice League.,"Animation,Action,Adventure",TV-PG,8.6,Young Justice,2010–2022
"Hugh Laurie,Tony Robinson,Rowan Atkinson","In the Regency era, Mr E. Blackadder serves as butler to the foppish numskull Prince George amidst the fads and crazes of the time.",Comedy,TV-PG,8.6,Blackadder the Third,1987
"Kevin Costner,Luke Grimes,Kelly Reilly",A ranching family in Montana faces off against others encroaching on their land.,"Drama,Western",TV-MA,8.7,Yellowstone,2018–2023
"Michael J. Nelson,Joel Hodgson,Trace Beaulieu","In the not-too-distant future Joel Robinson is held captive by Dr. Forrester and TV's Frank, forced to watch B-Grade movies on the Satellite of Love with the help of his robot friends: Cambot, Gypsy, Tom Servo and Crow T. Robot.","Comedy,Sci-Fi",TV-14,8.7,Mystery Science Theater 3000,1988–1999
"Ivana Lotito,Salvatore Esposito,Marco D'Amore",Ciro disregards tradition in his attempt to become the next boss of his crime syndicate. The internal power struggle puts him and his entire family's life at risk.,"Crime,Drama,Thriller",TV-MA,8.7,Gomorrah,2014–2021
"Edward Hardwicke,Rosalie Williams,Jeremy Brett","Sherlock Holmes and Dr Watson solve the mysteries of the devil's foot, Silver Blaze, Wisteria Lodge and the Bruce-Partington Plans.","Crime,Drama,Mystery",TV-PG,8.7,The Return of Sherlock Holmes,1986–1988
"Jonathan Groff,Anna Torv,Holt McCallany","Set in the late 1970s, two FBI agents are tasked with interviewing serial killers to solve open cases.","Crime,Drama,Mystery",TV-MA,8.6,Mindhunter,2017–2019
"Mona Singh,Vishesh Bansal,Akarsh Khurana",Set in the summer of 1998 it is a story about conflicting emotions towards family members from the eyes of a twelve year old.,"Comedy,Drama,Family",TV-14,9.0,Yeh Meri Family,2018
"H. Jon Benjamin,Judy Greer,Amber Nash",Covert black ops and espionage take a back seat to zany personalities and relationships between secret agents and drones.,"Animation,Action,Comedy",TV-MA,8.6,Archer,2009– 
"Yoshitsugu Matsuoka,Natsuki Hanae,Zach Aguilar","A family is attacked by demons and only two members survive - Tanjiro and his sister Nezuko, who is turning into a demon slowly. Tanjiro sets out to become a demon slayer to avenge his family and cure his sister.","Animation,Action,Adventure",TV-MA,8.7,Demon Slayer: Kimetsu no Yaiba,2019– 
"John DiMaggio,Tom Kenny,Jeremy Shada","A twelve-year-old boy and his best friend, a wise twenty-eight-year-old dog with magical powers, go on a series of surreal adventures in a remote future.","Animation,Action,Adventure",TV-PG,8.6,Adventure Time,2010–2018
"Danny Glover,Tommy Lee Jones,Robert Duvall",Two former Texas Rangers renew their spirit of adventure as they and several other residents of a small Texas town join a cattle drive to the Montana Territory.,"Adventure,Drama,Western",TV-14,8.7,Lonesome Dove,1989
"Arun Govil,Sunil Lahri,Deepika Chikhalia","An adaptation of the ancient epic, in which the exiled Prince Rama and his brother Laxman set out to save Rama's wife, Sita, who has been kidnapped by the demon king of Lanka Ravana.","Adventure,Drama,Family",TV-14,9.0,Ramayan,1987–1988
"Shaun Dooley,Olly Alexander,Nathaniel Curtis","A chronicle of four friends during a decade in which everything changed, including the rise of AIDS.","Comedy,Drama,History",TV-MA,8.7,It's a Sin,2021
"Liam O'Brien,Hidenobu Kiuchi,Mamiko Noto",A brilliant neurosurgeon finds his life in utter turmoil after getting involved with a psychopathic former patient.,"Animation,Crime,Drama",TV-14,8.7,Monster,2004–2005
"Vincent D'Onofrio,Charlie Cox,Deborah Ann Woll","A blind lawyer by day, vigilante by night. Matt Murdock fights the crime of New York as Daredevil.","Action,Crime,Drama",TV-MA,8.6,Daredevil,2015–2018
"Sofia Helin,Rafael Pettersson,Sarah Boberg","When a body is found on the bridge between Denmark and Sweden, right on the border, Danish inspector Martin Rohde and Swedish Saga Norén have to share jurisdiction and work together to find the killer.","Crime,Mystery,Thriller",TV-MA,8.6,The Bridge,2011–2018
"Tim McInnerny,Tony Robinson,Rowan Atkinson","In the Tudor court of Elizabeth I, Lord Edmund Blackadder strives to win Her Majesty's favour while attempting to avoid a grisly fate should he offend her.",Comedy,TV-PG,8.6,Blackadder II,1986
"Liam O'Brien,Matthew Mercer,Marisha Ray","A live weekly show in which a band of professional voice actors improvise, role-play, and roll their way through an epic Dungeons and Dragons campaign.","Adventure,Fantasy",TV-14,9.3,Critical Role,2015– 
"Takahiro Sakurai,Jun Fukuyama,Johnny Yong Bosch","After being given a mysterious power to control others, an outcast prince becomes the masked leader of the rebellion against an all-powerful empire.","Animation,Action,Drama",TV-14,8.7,Code Geass,2006–2008
"Aaron LaPlante,Fred Tatasciore,Laëtitia Eïdo",A caveman and a dinosaur bond over shared tragedy and work together to survive in a perilous prehistoric world.,"Animation,Action,Adventure",TV-MA,8.7,Primal,2019– 
"Takayuki Sugô,Masakazu Morita,Johnny Yong Bosch","The peace is suddenly broken when warning sirens blare through the Soul Society. Residents are disappearing without a trace and nobody knows who's behind it. Meanwhile, a darkness is approaching Ichigo and his friends in Karakura Town.","Animation,Action,Adventure",TV-MA,9.0,Bleach: Thousand-Year Blood War,2022– 
"Gary Napoli,Robert Durst,Andrew Jarecki","Filmmaker Andrew Jarecki examines the complicated life of reclusive real estate icon Robert Durst, the key suspect in a series of unsolved crimes.","Documentary,Biography,Crime",TV-14,8.6,The Jinx: The Life and Deaths of Robert Durst,2015
"Junko Takeuchi,Maile Flanagan,Alexandre Crepet","Naruto Uzumaki, is a loud, hyperactive, adolescent ninja who constantly searches for approval and recognition, as well as to become Hokage, who is acknowledged as the leader and strongest of all ninja in the village.","Animation,Action,Adventure",TV-PG,8.7,Naruto: Shippuden,2007–2017
"LaKeith Stanfield,Donald Glover,Brian Tyree Henry","Earn and his cousin Alfred, based in Atlanta, try to make their way in the world through the rap scene. Along the way they come face-to-face with social and economic issues touching on race, relationships, poverty, status, and parenthood.","Comedy,Drama,Music",TV-MA,8.6,Atlanta,2016–2022
"Michael C. Hall,David Zayas,Jennifer Carpenter","He's smart. He's lovable. He's Dexter Morgan, America's favorite serial killer, who spends his days solving crimes and nights committing them.","Crime,Drama,Mystery",TV-MA,8.7,Dexter,2006–2013
"David Duchovny,Mitch Pileggi,Gillian Anderson","Two F.B.I. Agents, Fox Mulder the believer and Dana Scully the skeptic, investigate the strange and unexplained, while hidden forces work to impede their efforts.","Crime,Drama,Mystery",TV-14,8.6,The X-Files,1993–2018
"Jim O'Heir,Nick Offerman,Amy Poehler",The absurd antics of an Indiana town's public officials as they pursue sundry projects to make their city a better place.,Comedy,TV-14,8.6,Parks and Recreation,2009–2015
"Mandy Moore,Sterling K. Brown,Milo Ventimiglia","A heartwarming and emotional story about a unique set of triplets, their struggles, and their wonderful parents.","Comedy,Drama,Romance",TV-14,8.7,This Is Us,2016–2022
"Ian McShane,Molly Parker,Timothy Olyphant","A show set in the late 1800s, revolving around the characters of Deadwood, South Dakota; a town of deep corruption and crime.","Crime,Drama,History",TV-MA,8.6,Deadwood,2004–2006
"Ardal O'Hanlon,Dermot Morgan,Frank Kelly","Three misfit priests and their housekeeper live on Craggy Island, not the peaceful and quiet part of Ireland that it seems to be.",Comedy,TV-14,8.7,Father Ted,1995–1998
"Ege Aydan,Inanç Konukçu,Erdal Besikçioglu","Centered around a personally troubled, officially discredited police chief and his inharmonious police team in Ankara Police Force. Even though the show usually focuses on murders and other crimes that happens on a weekly basis, the undertone of the story leads to an eventual duel between Behzat Ç. and the rotten department officials and bureaucrats.","Crime,Drama,Mystery",TV-14,8.9,Behzat Ç.: Bir Ankara Polisiyesi,2010–2019
"Abhilash Thapliyal,Shivankit Singh Parihar,Naveen Kasturia",It is the story of the journey of three UPSC (public service competitive exams in India) aspirants and their friendship against all odds.,Drama,,9.2,Aspirants,2021– 
"Harish Bhimani,Mukesh Khanna,Nitish Bharadwaj","When a dynastic struggle between the collateral branches of the Kuru clan, the Kauravas and Pandavas lead them to the threshold of war, Lord Krishna decides to step in and take control of the situation.","Adventure,Drama,History",TV-14,9.0,Mahabharat,1988–1990
"Claire Foy,Imelda Staunton,Olivia Colman",Follows the political rivalries and romance of Queen Elizabeth II's reign and the events that shaped the second half of the 20th century.,"Biography,Drama,History",TV-MA,8.6,The Crown,2016–2023
"Martin Compston,Adrian Dunbar,Vicky McClure","Drama series following the investigations of AC-12, a controversial police anti-corruption unit.","Crime,Drama,Mystery",TV-14,8.7,Line of Duty,2012–2021
"Chris Addison,James Smith,Peter Capaldi",The Minister for Social Affairs is continually harassed by Number 10's policy enforcer and dependent on his not-so-reliable team of civil servants.,Comedy,TV-MA,8.7,The Thick of It,2005–2012
"Phil LaMarr,Kevin Conroy,George Newbern",A continuation of the Justice League animated series finds the original members of the team joined in their battle against crime and evil by dozens of other heroes from the DC comics universe.,"Animation,Action,Adventure",TV-Y7-FV,8.7,Justice League Unlimited,2004–2006
"Sam Elliott,Tim McGraw,Faith Hill",Follows the Dutton family as they embark on a journey west.,"Drama,Western",TV-MA,8.7,1883,2021–2022
"Richard Hammond,James May,Jeremy Clarkson","The hosts talk about everything car-related. From new cars to how they're fueled, this show has it all.","Adventure,Comedy,Sport",TV-PG,8.7,Top Gear,2002– 
"Michel Gill,Kevin Spacey,Robin Wright",A Congressman works with his equally conniving wife to exact revenge on the people who betrayed him.,Drama,TV-MA,8.7,House of Cards,2013–2018
"Richard Hammond,James May,Jeremy Clarkson","Jeremy, Richard and James embark on an adventure across the globe, driving new and exciting automobiles from manufacturers all over the world.","Comedy,Sport,Talk-Show",TV-14,8.7,The Grand Tour,2016– 
"Kyle Chandler,Connie Britton,Zach Gilford","A drama that follows the lives of the Dillon Panthers, one of the nation's best high school football teams, and their head coach Eric Taylor.","Drama,Sport",TV-14,8.7,Friday Night Lights,2006–2011
"Marc Diraison,Nobutoshi Canna,Carrie Keranen","Guts is a skilled swordsman who joins forces with a mercenary group named 'The Band of the Hawk', lead by the charismatic Griffith, and fights with them as they battle their way into the royal court.","Animation,Action,Adventure",TV-MA,8.7,Berserk,1997–1998
"Michael Zegen,Alex Borstein,Rachel Brosnahan","After her husband leaves her, young mother of two Miriam ""Midge"" Maisel discovers that she has a talent for stand-up comedy. Could this be her calling?","Comedy,Drama",TV-MA,8.7,The Marvelous Mrs. Maisel,2017–2023
"David Burke,Rosalie Williams,Jeremy Brett","Sherlock Holmes and Dr Watson solve the mysteries of copper beeches, a Greek interpreter, the Norwood builder, a resident patient, the red-headed league, and one final problem.","Crime,Drama,Mystery",TV-PG,8.7,The Adventures of Sherlock Holmes,1984–1985
"Jonathan Frakes,Brent Spiner,Patrick Stewart","Set almost 100 years after Captain Kirk's 5-year mission, a new generation of Starfleet officers sets off in the U.S.S. Enterprise-D on its own mission to go where no one has gone before.","Action,Adventure,Sci-Fi",TV-PG,8.7,Star Trek: The Next Generation,1987–1994
"Steven Yeun,J.K. Simmons,Sandra Oh",An adult animated series based on the Skybound/Image comic about a teenager whose father is the most powerful superhero on the planet.,"Animation,Action,Adventure",TV-MA,8.7,Invincible,2021– 
"Britt Lower,Adam Scott,Zach Cherry","Mark leads a team of office workers whose memories have been surgically divided between their work and personal lives. When a mysterious colleague appears outside of work, it begins a journey to discover the truth about their jobs.","Drama,Mystery,Sci-Fi",TV-MA,8.7,Severance,2022– 
"Mike Haimoto,Alejandro Saab,Yûto Uemura",Thorfinn pursues a journey with his father's killer in order to take revenge and end his life in a duel as an honorable warrior and pay his father a homage.,"Animation,Action,Adventure",TV-MA,8.8,Vinland Saga,2019– 
"Phyllis Logan,Hugh Bonneville,Elizabeth McGovern",A chronicle of the lives of the British aristocratic Crawley family and their servants in the early twentieth century.,"Drama,Romance",TV-PG,8.7,Downton Abbey,2010–2015
"Jitendra Kumar,Chandan Roy,Raghuvir Yadav","A comedy-drama, which captures the journey of an engineering graduate Abhishek, who for lack of a better job option joins as secretary of a Panchayat office in a remote village of Uttar Pradesh.","Comedy,Drama",TV-14,8.9,Panchayat,2020– 
"Robert Sean Leonard,Omar Epps,Hugh Laurie",An antisocial maverick doctor who specializes in diagnostic medicine does whatever it takes to solve puzzling cases that come his way using his crack team of doctors and his wits.,"Drama,Mystery",TV-14,8.7,House,2004–2012
"Katee Sackhoff,Chris Bartlett,Pedro Pascal","The travels of a lone bounty hunter in the outer reaches of the galaxy, far from the authority of the New Republic.","Action,Adventure,Fantasy",TV-14,8.7,The Mandalorian,2019– 
"Edward James Olmos,Mary McDonnell,Jamie Bamber","When an old enemy, the Cylons, resurface and obliterate the 12 colonies, the crew of the aged Galactica protect a small civilian fleet - the last of humanity - as they journey toward the fabled 13th colony, Earth.","Action,Adventure,Drama",TV-14,8.7,Battlestar Galactica,2004–2009
"Michael Jace,Walton Goggins,Michael Chiklis",Drama series following the lives and cases of dirty cop Vic Mackey and the corrupt LAPD unit under his command.,"Crime,Drama,Thriller",TV-MA,8.7,The Shield,2002–2008
"Kaito Ishikawa,Max Mittelman,Makoto Furukawa","The story of Saitama, a hero that does it just for fun & can defeat his enemies with a single punch.","Animation,Action,Comedy",TV-PG,8.7,One Punch Man,2015–2019
"Nancy Cartwright,Dan Castellaneta,Harry Shearer",The satiric adventures of a working-class family in the misfit city of Springfield.,"Animation,Comedy",TV-14,8.7,The Simpsons,1989– 
"Vaibhav Raj Gupta,Jameel Khan,Geetanjali Kulkarni","Set in quaint by-lanes in the heart of India, Gullak is a collection of disarming and relatable tales of the Mishra family.","Comedy,Drama,Family",,9.1,Gullak,2019– 
"Olivia Colman,Phoebe Waller-Bridge,Sian Clifford",A comedy series adapted from the award-winning play about a young woman trying to cope with life in London whilst coming to terms with a recent tragedy.,"Comedy,Drama",TV-MA,8.7,Fleabag,2016–2019
"Jason Bateman,Michael Cera,Portia de Rossi","Level-headed son Michael Bluth takes over family affairs after his father is imprisoned. But the rest of his spoiled, dysfunctional family are making his job unbearable.",Comedy,TV-14,8.7,Arrested Development,2003–2019
"Antony Starr,Jack Quaid,Karl Urban",A group of vigilantes set out to take down corrupt superheroes who abuse their superpowers.,"Action,Comedy,Crime",TV-MA,8.7,The Boys,2019– 
"Kana Hanazawa,Asami Imai,Mamoru Miyano","After discovering time travel, a university student and his colleagues must use their knowledge of it to stop an evil organization and their diabolical plans.","Animation,Comedy,Drama",TV-14,8.8,Steins;Gate,2011–2015
"Lisa Vicari,Karoline Eichhorn,Louis Hofmann","A family saga with a supernatural twist, set in a German town where the disappearance of two young children exposes the relationships among four families.","Crime,Drama,Mystery",TV-MA,8.7,Dark,2017–2020
"Ernie Hudson,Lee Tergesen,J.K. Simmons",A series chronicling the daily activities of an unusual prison facility and its criminal inhabitants.,"Crime,Drama,Thriller",TV-MA,8.7,Oz,1997–2003
"Brett Goldstein,Hannah Waddingham,Jason Sudeikis","American college football coach Ted Lasso heads to London to manage AFC Richmond, a struggling English Premier League football team.","Comedy,Drama,Sport",TV-MA,8.8,Ted Lasso,2020– 
"Cillian Murphy,Paul Anderson,Sophie Rundle","A gangster family epic set in 1900s England, centering on a gang who sew razor blades in the peaks of their caps, and their fierce boss Tommy Shelby.","Crime,Drama",TV-MA,8.8,Peaky Blinders,2013–2022
"Mayur More,Jitendra Kumar,Ranjan Raj","Dedicated to Shrimati SL Loney ji, Shri Irodov ji and Maanniya HC Verma ji, 'Kota Factory' is TVF's latest original. India's first 'Black and White' show highlights the problems present day IIT-JEE aspirants face in their day-to-day lives.","Comedy,Drama",TV-14,9.0,Kota Factory,2019–2021
"Michael C. Hall,Peter Krause,Frances Conroy",A chronicle of the lives of a dysfunctional family who run an independent funeral home in Los Angeles.,"Comedy,Drama",TV-MA,8.7,Six Feet Under,2001–2005
"Polly Walker,Ray Stevenson,Kevin McKidd",A down-to-earth account of the lives of both illustrious and ordinary Romans set in the last days of the Roman Republic.,"Action,Drama,Romance",TV-MA,8.7,Rome,2005–2007
"Collin Dean,Melanie Lynskey,Elijah Wood",Two brothers find themselves lost in a mysterious land and try to find their way home.,"Animation,Short,Adventure",TV-PG,8.8,Over the Garden Wall,2014
"Isaac Hayes,Trey Parker,Matt Stone","Follows the misadventures of four irreverent grade-schoolers in the quiet, dysfunctional town of South Park, Colorado.","Animation,Comedy",TV-14,8.7,South Park,1997– 
"Siân Phillips,Derek Jacobi,John Hurt","The personal and governmental affairs of the Julio-Claudian dynasty at the beginning of the Roman Empire, as recalled by one of its rulers.","Biography,Drama,History",Not Rated,8.8,"I, Claudius",1976
"Kyle Hebert,Masako Nozawa,Jôji Yanami","The adventures of Earth's martial arts defender, Son Goku, continue with a new family and the revelation of his alien origins. Now Goku and his allies must defend the planet from an onslaught of new extraterrestrial enemies.","Animation,Action,Adventure",TV-PG,8.8,Dragon Ball Z,1989–1996
"Tony Beck,Mayumi Tanaka,Laurent Vernin","Follows the adventures of Monkey D. Luffy and his pirate crew in order to find the greatest treasure ever left by the legendary Pirate, Gold Roger. The famous mystery treasure named ""One Piece"".","Animation,Action,Adventure",TV-14,8.9,One Piece,1999– 
"Rudy Rush,Donnell Rawlings,Dave Chappelle",Comedian Dave Chappelle hosts this sketch-comedy show that parodies many of the nuances of race and culture.,"Comedy,Music",TV-MA,8.8,Chappelle's Show,2003–2006
"Scott McNeil,Christopher Sabat,Doc Harris","With the help of the powerful Dragonballs, a team of fighters led by the saiyan warrior Goku defend the planet earth from extraterrestrial enemies.","Animation,Action,Adventure",TV-PG,8.8,Dragon Ball Z,1989–1996
"Wagner Moura,Boyd Holbrook,Pedro Pascal","A chronicled look at the criminal exploits of Colombian drug lord Pablo Escobar, as well as the many other drug kingpins who plagued the country through the years.","Biography,Crime,Drama",TV-MA,8.8,Narcos,2015–2017
"Michaela Coel,Daniel Lapaine,Hannah John-Kamen","An anthology series exploring a twisted, high-tech multiverse where humanity's greatest innovations and darkest instincts collide.","Drama,Mystery,Sci-Fi",TV-MA,8.8,Black Mirror,2011–2019
"Alison Brie,Will Arnett,Amy Sedaris","BoJack Horseman was the star of the hit television show ""Horsin' Around"" in the '80s and '90s, but now he's washed up, living in Hollywood, complaining about everything, and wearing colorful sweaters.","Animation,Comedy,Drama",TV-MA,8.8,BoJack Horseman,2014–2020
"Kyle MacLachlan,Mädchen Amick,Michael Ontkean",An idiosyncratic FBI agent investigates the murder of a young woman in the even more idiosyncratic town of Twin Peaks.,"Crime,Drama,Mystery",TV-MA,8.8,Twin Peaks,1990–1991
"Tony Robinson,Stephen Fry,Rowan Atkinson","Stuck in the middle of World War I, Captain Edmund Blackadder does his best to escape the banality of the war.","Comedy,War",TV-PG,8.8,Blackadder Goes Forth,1989
"John Francis Daley,Linda Cardellini,James Franco",A high school mathlete starts hanging out with a group of burnouts while her younger brother navigates his freshman year.,"Comedy,Drama",TV-14,8.8,Freaks and Geeks,1999–2000
"Colin Firth,Jennifer Ehle,Susannah Harker","While the arrival of wealthy gentlemen sends her marriage-minded mother into a frenzy, willful and opinionated Elizabeth Bennet matches wits with haughty Mr. Darcy.","Drama,Romance",TV-PG,8.8,Pride and Prejudice,1995
"Kieran Culkin,Nicholas Braun,Brian Cox","The Roy family is known for controlling the biggest media and entertainment company in the world. However, their world changes when their father steps down from the company.","Comedy,Drama",TV-MA,8.8,Succession,2018–2023
"Prunella Scales,Andrew Sachs,John Cleese","Hotel owner Basil Fawlty's incompetence, short fuse, and arrogance form a combination that ensures accidents and trouble are never far away.",Comedy,TV-PG,8.8,Fawlty Towers,1975–1979
"Ali Atay,Ahmet Mümtaz Taylan,Cengiz Bozkurt","Turkish television comedy series set in Istanbul, Leyla and Mecnun is a surreal and absurd comedy that revolves around the fictional love story between Leyla and Mecnun.","Adventure,Comedy,Drama",TV-PG,9.1,Leyla and Mecnun,2011–2023
"Cheryl Hines,Larry David,Jeff Garlin",The life and times of Larry David and the predicaments he gets himself into with his friends and complete strangers.,Comedy,TV-MA,8.8,Curb Your Enthusiasm,2000– 
"Rob Lowe,Martin Sheen,Allison Janney",Inside the lives of staffers in the West Wing of the White House.,Drama,TV-14,8.9,The West Wing,1999–2006
"Kivanç Kilinç,Feyyaz Yigit,Ahmet Kürsat Öçalan",Yilmaz and Ilkkan are two friends who are constantly fighting each other. Their greatest feature is always being able to do something that will turn their ordinary lives upside down.,Comedy,,9.0,As If,2021– 
"Klaus Wennemann,Jürgen Prochnow,Herbert Grönemeyer",A World War II German U-Boat crew have a terrifying patrol mission in the early days of the war.,"Drama,War",TV-MA,8.8,Das Boot,1985
"Anna Torv,Bella Ramsey,Pedro Pascal","After a global pandemic destroys civilization, a hardened survivor takes charge of a 14-year-old girl who may be humanity's last hope.","Action,Adventure,Drama",TV-MA,8.9,The Last of Us,2023– 
"Kerry Godliman,Alex Horne,Greg Davies","Five comedians are set tasks challenging their creativity and wit. The tasks are supervised by Alex Horne but the Taskmaster, Greg Davies, always has the final word.","Comedy,Game-Show",TV-14,9.0,Taskmaster,2015– 
"Graham Chapman,Terry Gilliam,John Cleese",The original surreal sketch comedy showcase for the Monty Python troupe.,Comedy,TV-14,8.8,Monty Python's Flying Circus,1969–1974
"Rob McElhenney,Charlie Day,Kaitlin Olson",Five friends with big egos and small brains are the proprietors of an Irish pub in Philadelphia.,Comedy,TV-MA,8.8,It's Always Sunny in Philadelphia,2005– 
"Abhay Mahajan,Arunabh Kumar,Naveen Kasturia",A story of trials and tribulations of four young entrepreneurs who quit their day jobs in order to pursue their start up venture.,"Comedy,Drama",TV-MA,9.1,TVF Pitchers,2015–2022
"Mark Deeble,David Attenborough,Simon Blakeney","Africa, the world's wildest continent. David Attenborough takes us on an awe-inspiring journey through one of the most diverse places in the world. We visit deserts, savannas, and jungles and meet up with some of Africa's amazing wildlife.",Documentary,TV-PG,8.9,Africa,2013
"Martin Sheen,Mathieu Kassovitz,Rudolf Hess","This six-part series traces the Second World War, from the rise of the Nazis to the surrender of the Japanese, with detailed portraits of key figures.","Documentary,History,War",TV-MA,9.0,Apocalypse: The Second World War,2009
"Courteney Cox,Jennifer Aniston,Lisa Kudrow",Follows the personal and professional lives of six twenty to thirty year-old friends living in the Manhattan borough of New York City.,"Comedy,Romance",TV-14,8.9,Friends,1994–2004
"Ryan Barger,David Kaye,John Oliver",Former Daily Show host and correspondent John Oliver brings his persona to this weekly news satire program.,"Comedy,News,Talk-Show",TV-MA,8.9,Last Week Tonight with John Oliver,2014– 
"Ethan Herisse,Asante Blackk,Caleel Harris",Five teens from Harlem become trapped in a nightmare when they're falsely accused of a brutal attack in Central Park. Based on the true story.,"Biography,Crime,Drama",TV-MA,8.9,When They See Us,2019
"Kristen Schaal,Jason Ritter,Alex Hirsch","Twin siblings Dipper and Mabel Pines spend the summer at their great-uncle's tourist trap in the enigmatic Gravity Falls, Oregon.","Animation,Adventure,Comedy",TV-Y7,8.9,Gravity Falls,2012–2016
"Salomon Flores,Nathan Fielder,Anthony Filosa","Nathan Fielder uses his business degree and life experiences to help real small businesses turn a profit. But because of his unorthodox approach, Nathan's genuine efforts to do good often draw real people into an experience far beyond what they signed up for.","Documentary,Comedy",TV-14,8.9,Nathan for You,2013–2017
"Unshô Ishizuka,Kôichi Yamadera,Megumi Hayashibara",The futuristic misadventures and tragedies of an easygoing bounty hunter and his partners.,"Animation,Action,Adventure",TV-14,8.9,Cowboy Bebop,1998–1999
"Martin Freeman,Allison Tolman,Billy Bob Thornton","Various chronicles of deception, intrigue and murder in and around frozen Minnesota. Yet all of these tales mysteriously lead back one way or another to Fargo, North Dakota.","Crime,Drama,Thriller",TV-MA,8.9,Fargo,2014–2023
,Documentary about the music group The Beatles featuring in-studio footage that was shot in early 1969 for the 1970 feature film 'Let It Be.',"Documentary,Biography,Music",PG-13,9.0,The Beatles: Get Back,2021
"Cansu Dere,Haluk Bilginer,Metin Akdülger",A man diagnosed with Alzheimer's decides to punish criminals.,"Crime,Drama,Mystery",TV-MA,9.0,Persona,2018
"Olaf Lubaszenko,Artur Barcis,Olgierd Lukaszewicz","Ten television drama films, each one based on one of the Ten Commandments.",Drama,TV-MA,9.0,Dekalog,1989–1990
"Julia Louis-Dreyfus,Jerry Seinfeld,Michael Richards",The continuing misadventures of neurotic New York City stand-up comedian Jerry Seinfeld and his equally neurotic New York City friends.,Comedy,TV-PG,8.9,Seinfeld,1989–1998
"Rachel McAdams,Colin Farrell,Vince Vaughn","Seasonal anthology series in which police investigations unearth the personal and professional secrets of those involved, both within and outside the law.","Crime,Drama,Mystery",TV-MA,8.9,True Detective,2014– 
"Cristina Valenzuela,Megumi Han,Issei Futamata","Gon Freecss aspires to become a Hunter, an exceptional being capable of greatness. With his friends and his potential, he seeks out his father, who left him when he was younger.","Animation,Action,Adventure",TV-14,9.0,Hunter x Hunter,2011–2014
"David McCullough,Julie Harris,Sam Waterston",A comprehensive survey of the American Civil War.,"Documentary,History,War",TV-14,9.1,The Civil War,1990
"Nicholas Lyndhurst,Roger Lloyd Pack,David Jason",Comedy that follows two brothers from London's rough Peckham estate as they wheel and deal through a number of dodgy deals and search for the big score that'll make them millionaires.,Comedy,TV-PG,9.0,Only Fools and Horses,1981–2003
"Kaleb Cooper,Charlie Ireland,Jeremy Clarkson",Follow Jeremy Clarkson as he attempts to run a farm in the countryside.,"Documentary,Comedy,Reality-TV",TV-PG,9.0,Clarkson's Farm,2021– 
"Brad Swaile,Vincent Tong,Mamoru Miyano",An intelligent high school student goes on a secret crusade to eliminate criminals from the world after discovering a notebook capable of killing anyone whose name is written into it.,"Animation,Crime,Drama",TV-14,9.0,Death Note,2006–2007
"Jonathan Banks,Bob Odenkirk,Rhea Seehorn",The trials and tribulations of criminal lawyer Jimmy McGill in the years leading up to his fateful run-in with Walter White and Jesse Pinkman.,"Crime,Drama",TV-MA,8.9,Better Call Saul,2015–2022
"Alec Baldwin,David Attenborough,Chadden Hunter",Focuses on life and the environment in both the Arctic and Antarctic.,Documentary,TV-PG,9.0,Frozen Planet,2011–2012
"Nathan Fillion,Gina Torres,Alan Tudyk","Five hundred years in the future, a renegade crew aboard a small spacecraft tries to survive as they travel the unknown parts of the galaxy and evade warring factions as well as authority agents out to get them.","Adventure,Drama,Sci-Fi",TV-14,9.0,Firefly,2002–2003
"Roger Munns,John Hurt",A cinematic experience bringing you the most amazing human stories in the world. Humans and wildlife surviving in the most extreme environments on Earth,Documentary,TV-PG,9.0,Human Planet,2011
"Jenna Fischer,Steve Carell,John Krasinski","A mockumentary on a group of typical office workers, where the workday consists of ego clashes, inappropriate behavior, and tedium.",Comedy,TV-14,9.0,The Office,2005–2013
"Peter Scoones,David Attenborough,Pierce Brosnan","Mammoth series, five years in the making, taking a look at the rich tapestry of life in the world's oceans.",Documentary,TV-G,9.0,The Blue Planet,2001
"Kevin Alejandro,Jason Spisak,Hailee Steinfeld","Set in Utopian Piltover and the oppressed underground of Zaun, the story follows the origins of two iconic League Of Legends champions and the power that will tear them apart.","Animation,Action,Adventure",TV-14,9.0,Arcane,2021– 
"Josh Grelle,Yûki Kaji,Bryce Papenbrook","After his hometown is destroyed and his mother is killed, young Eren Jaeger vows to cleanse the earth of the giant humanoid Titans that have brought humanity to the brink of extinction.","Animation,Action,Adventure",TV-MA,9.0,Attack on Titan,2013–2023
"Shreya Dhanwanthary,Pratik Gandhi,Hemant Kher","Set in 1980s and '90s Bombay, it follows the life of Harshad Mehta, a stockbroker who took the stock market to dizzying heights and his catastrophic downfall.","Biography,Crime,Drama",TV-14,9.3,Scam 1992: The Harshad Mehta Story,2020
"Kevin Conroy,Loren Lester,Efrem Zimbalist Jr.",The Dark Knight battles crime in Gotham City with occasional help from Robin and Batgirl.,"Animation,Action,Adventure",TV-PG,9.0,Batman: The Animated Series,1992–1995
"James Willbanks,Huy Duc,Peter Coyote",A comprehensive history of the United States' involvement in the bitterly divisive armed conflict in Southeast Asia.,"Documentary,History,War",TV-MA,9.1,The Vietnam War,2017
"Rico Romaniuk,David McCormack,Melanie Zanetti",The slice-of-life adventures of an Australian Blue Heeler Cattle Dog puppy as she has fun with her family and friends in everyday situations.,"Animation,Family",TV-Y,9.5,Bluey,2018– 
"Una Stubbs,Martin Freeman,Benedict Cumberbatch",A modern update finds the famous sleuth and his doctor partner solving crime in 21st-century London.,"Crime,Drama,Mystery",TV-14,9.1,Sherlock,2010–2017
"Jay Overholts,Rod Serling,Robert McCord","Ordinary people find themselves in extraordinarily astounding situations, which they each try to solve in a remarkable manner.","Drama,Fantasy,Horror",TV-PG,9.1,The Twilight Zone,1959–1964
"Doug Allan,David Attenborough,Oprah Winfrey",David Attenborough's legendary BBC crew explains and shows wildlife all over planet earth. From giving an overview of the challenges facing life to hunting the deep sea and various major evolutionary groups of creatures.,Documentary,TV-G,9.1,Life,2009
"Michael Jordan,Phil Jackson,Scottie Pippen","Charting the rise of the 1990s Chicago Bulls, led by Michael Jordan, one of the most notable dynasties in sports history.","Documentary,Biography,History",TV-MA,9.1,The Last Dance,2020
"Matthew Leonhart,Iemasa Kayumi,Kent Williams",Two brothers search for a Philosopher's Stone after an attempt to revive their deceased mother goes awry and leaves them in damaged physical forms.,"Animation,Action,Adventure",TV-14,9.1,Fullmetal Alchemist: Brotherhood,2009–2010
"Justin Roiland,Spencer Grammer,Chris Parnell",An animated series that follows the exploits of a super scientist and his not-so-bright grandson.,"Animation,Adventure,Comedy",TV-14,9.1,Rick and Morty,2013– 
"Laurence Olivier,Averell Harriman,Albert Speer","A groundbreaking 26-part documentary series narrated by the actor Laurence Olivier about the deadliest conflict in history, World War II.","Documentary,History,War",TV-PG,9.2,The World at War,1973–1974
"Kit Harington,Peter Dinklage,Emilia Clarke","Nine noble families fight for control over the lands of Westeros, while an ancient enemy returns after being dormant for millennia.","Action,Adventure,Drama",TV-MA,9.2,Game of Thrones,2011–2019
,"Documentary series focusing on the breadth of the diversity of habitats around the world, from the remote Arctic wilderness and mysterious deep oceans to the vast landscapes of Africa and diverse jungles of South America.",Documentary,TV-G,9.3,Our Planet,2019
"Jonathan Fahn,Jaromír Hanzlík,Carl Sagan",Astronomer Carl Sagan leads us on an engaging guided tour of the various elements and cosmological theories of the universe.,Documentary,TV-PG,9.3,Cosmos,1980
"Christopher Emerson,Neil deGrasse Tyson,Keythe Farley",An exploration of our discovery of the laws of nature and coordinates in space and time.,Documentary,TV-PG,9.3,Cosmos: A Spacetime Odyssey,2014
"Lorraine Bracco,Edie Falco,James Gandolfini","New Jersey mob boss Tony Soprano deals with personal and professional issues in his home and business life that affect his mental state, leading him to seek professional psychiatric counseling.","Crime,Drama",TV-MA,9.2,The Sopranos,1999–2007
"David Attenborough,Roger Munns,Peter Drost","David Attenborough returns to the world's oceans in this sequel to the acclaimed documentary filming rare and unusual creatures of the deep, as well as documenting the problems our oceans face.",Documentary,TV-G,9.3,Blue Planet II,2017
"Dee Bradley Baker,Zach Tyler Eisen,Mae Whitman","In a war-torn world of elemental magic, a young boy reawakens to undertake a dangerous mystic quest to fulfill his destiny as the Avatar, and bring peace to the world.","Animation,Action,Adventure",TV-Y7-FV,9.3,Avatar: The Last Airbender,2005–2008
"Lance Reddick,Dominic West,Sonja Sohn","The Baltimore drug scene, as seen through the eyes of drug dealers and law enforcement.","Crime,Drama,Thriller",TV-MA,9.3,The Wire,2002–2008
"Jessie Buckley,Stellan Skarsgård,Jared Harris","In April 1986, an explosion at the Chernobyl nuclear power plant in the Union of Soviet Socialist Republics becomes one of the world's worst man-made catastrophes.","Drama,History,Thriller",TV-MA,9.4,Chernobyl,2019
